{
  "project_info": {
    "project_number": "179014507234",
    "firebase_url": "https://trabalhoes-2cb05.firebaseio.com",
    "project_id": "trabalhoes-2cb05",
    "storage_bucket": "trabalhoes-2cb05.appspot.com"
  },
  "client": [
    {
      "client_info": {
        "mobilesdk_app_id": "1:179014507234:android:44d1278093613465",
        "android_client_info": {
          "package_name": "com.ufjf.leonardo.showdosmilhoes"
        }
      },
      "oauth_client": [
        {
          "client_id": "179014507234-7hqlj8a841f4t0aeq0k9a34tor323fqp.apps.googleusercontent.com",
          "client_type": 3
        }
      ],
      "api_key": [
        {
          "current_key": "AIzaSyD-wVETsmW4H9whVOzhvmxfSeOcgm49JKc"
        }
      ],
      "services": {
        "analytics_service": {
          "status": 1
        },
        "appinvite_service": {
          "status": 1,
          "other_platform_oauth_client": []
        },
        "ads_service": {
          "status": 2
        }
      }
    }
  ],
  "configuration_version": "1"
}